<beans:beans xmlns="http://www.springframework.org/schema/security"
	xmlns:beans="http://www.springframework.org/schema/beans" xmlns:xsi="http://www.w3.org/2001/XMLSchema-instance"
	xsi:schemaLocation="http://www.springframework.org/schema/beans
    http://www.springframework.org/schema/beans/spring-beans-4.0.xsd
    http://www.springframework.org/schema/security
    http://www.springframework.org/schema/security/spring-security-4.0.xsd">

	<http auto-config="true" use-expressions="true">
		<intercept-url pattern="/welcome/**" access="permitAll" />
		<intercept-url pattern="/admin*" access="hasRole('ROLE_ADMIN')" />

		<form-login login-page="/login" default-target-url="/admin"
			authentication-failure-url="/loginError" />
		<logout logout-success-url="/logout" logout-url="/j_spring_security_logout" />
		<csrf disabled="true" />
	</http>

	<authentication-manager>
		<authentication-provider>
			<user-service>
				<user name="mukesh" password="mukesh123" authorities="ROLE_ADMIN" />
				<user name="ravi" password="ravi123" authorities="ROLE_ADMIN" />

			</user-service>
		</authentication-provider>
	</authentication-manager>

</beans:beans>
